AvitiR2	ATGTCGGAAGGTGTCTGGTGAGCCAATCCAGCACG
AvitiR1	ATGTCGGAAGGTGTGCAGGCTACCGCTTGTCAACT
A01_ELP_UA_001_R1	CATGTAATGCACGTACTTTCAGGGTTGTAGGCCACGTGCTGGATTGGCTCACCAGACACCTTCCGACAT
A01_ELP_UA_001_R2	ATGTCGGAAGGTGTGCAGGCTACCGCTTGTCAACTNNNTCTAGCCTCAGTCGTCGCAGCCTCACCTGATC
B01_ELP_UA_002_R1	CATGTAATGCACGTACTTTCAGGGTATTGCCATACGTGCTGGATTGGCTCACCAGACACCTTCCGACAT
B01_ELP_UA_002_R2	ATGTCGGAAGGTGTGCAGGCTACCGCTTGTCAACTNNNATATTGGTGAGTCGTCGCAGCCTCACCTGATC
C01_ELP_UA_003_R1	CATGTAATGCACGTACTTTCAGGGTTACATATCGCGTGCTGGATTGGCTCACCAGACACCTTCCGACAT
C01_ELP_UA_003_R2	ATGTCGGAAGGTGTGCAGGCTACCGCTTGTCAACTNNNTCCAATACCAGTCGTCGCAGCCTCACCTGATC
D01_ELP_UA_004_R1	CATGTAATGCACGTACTTTCAGGGTTATCAACGCCGTGCTGGATTGGCTCACCAGACACCTTCCGACAT
D01_ELP_UA_004_R2	ATGTCGGAAGGTGTGCAGGCTACCGCTTGTCAACTNNNGATTCACGGAGTCGTCGCAGCCTCACCTGATC
E01_ELP_UA_005_R1	CATGTAATGCACGTACTTTCAGGGTGCTATTACTCGTGCTGGATTGGCTCACCAGACACCTTCCGACAT
E01_ELP_UA_005_R2	ATGTCGGAAGGTGTGCAGGCTACCGCTTGTCAACTNNNCGTTGAATTAGTCGTCGCAGCCTCACCTGATC
F01_ELP_UA_006_R1	CATGTAATGCACGTACTTTCAGGGTTCCACTAGCCGTGCTGGATTGGCTCACCAGACACCTTCCGACAT
F01_ELP_UA_006_R2	ATGTCGGAAGGTGTGCAGGCTACCGCTTGTCAACTNNNACGGCCAACAGTCGTCGCAGCCTCACCTGATC
G01_ELP_UA_007_R1	CATGTAATGCACGTACTTTCAGGGTTGTCTGTAACGTGCTGGATTGGCTCACCAGACACCTTCCGACAT
G01_ELP_UA_007_R2	ATGTCGGAAGGTGTGCAGGCTACCGCTTGTCAACTNNNAAGAGCGCCAGTCGTCGCAGCCTCACCTGATC
H01_ELP_UA_008_R1	CATGTAATGCACGTACTTTCAGGGTCTATTAGACCGTGCTGGATTGGCTCACCAGACACCTTCCGACAT
H01_ELP_UA_008_R2	ATGTCGGAAGGTGTGCAGGCTACCGCTTGTCAACTNNNCAATTGTGAAGTCGTCGCAGCCTCACCTGATC
A02_ELP_UA_009_R1	CATGTAATGCACGTACTTTCAGGGTCTCGTTAGTCGTGCTGGATTGGCTCACCAGACACCTTCCGACAT
A02_ELP_UA_009_R2	ATGTCGGAAGGTGTGCAGGCTACCGCTTGTCAACTNNNTATGTGGCCAGTCGTCGCAGCCTCACCTGATC
B02_ELP_UA_010_R1	CATGTAATGCACGTACTTTCAGGGTAATTCGTCTCGTGCTGGATTGGCTCACCAGACACCTTCCGACAT
B02_ELP_UA_010_R2	ATGTCGGAAGGTGTGCAGGCTACCGCTTGTCAACTNNNATTGTAACCAGTCGTCGCAGCCTCACCTGATC
C02_ELP_UA_011_R1	CATGTAATGCACGTACTTTCAGGGTCTTAATCGACGTGCTGGATTGGCTCACCAGACACCTTCCGACAT
C02_ELP_UA_011_R2	ATGTCGGAAGGTGTGCAGGCTACCGCTTGTCAACTNNNTTCTATTGGAGTCGTCGCAGCCTCACCTGATC
D02_ELP_UA_012_R1	CATGTAATGCACGTACTTTCAGGGTTTCCTTGGCCGTGCTGGATTGGCTCACCAGACACCTTCCGACAT
D02_ELP_UA_012_R2	ATGTCGGAAGGTGTGCAGGCTACCGCTTGTCAACTNNNTAGGCCGTCAGTCGTCGCAGCCTCACCTGATC
E02_ELP_UA_013_R1	CATGTAATGCACGTACTTTCAGGGTACAACCGATCGTGCTGGATTGGCTCACCAGACACCTTCCGACAT
E02_ELP_UA_013_R2	ATGTCGGAAGGTGTGCAGGCTACCGCTTGTCAACTNNNTCAACTTAGAGTCGTCGCAGCCTCACCTGATC
F02_ELP_UA_014_R1	CATGTAATGCACGTACTTTCAGGGTGGTCACTTGCGTGCTGGATTGGCTCACCAGACACCTTCCGACAT
F02_ELP_UA_014_R2	ATGTCGGAAGGTGTGCAGGCTACCGCTTGTCAACTNNNAGGCGACCTAGTCGTCGCAGCCTCACCTGATC
G02_ELP_UA_015_R1	CATGTAATGCACGTACTTTCAGGGTCAGAGCTCCCGTGCTGGATTGGCTCACCAGACACCTTCCGACAT
G02_ELP_UA_015_R2	ATGTCGGAAGGTGTGCAGGCTACCGCTTGTCAACTNNNCCACGAACGAGTCGTCGCAGCCTCACCTGATC
H02_ELP_UA_016_R1	CATGTAATGCACGTACTTTCAGGGTCCATCTTGCCGTGCTGGATTGGCTCACCAGACACCTTCCGACAT
H02_ELP_UA_016_R2	ATGTCGGAAGGTGTGCAGGCTACCGCTTGTCAACTNNNCCGACCACTAGTCGTCGCAGCCTCACCTGATC
A03_ELP_UA_017_R1	CATGTAATGCACGTACTTTCAGGGTATTCTAGAGCGTGCTGGATTGGCTCACCAGACACCTTCCGACAT
A03_ELP_UA_017_R2	ATGTCGGAAGGTGTGCAGGCTACCGCTTGTCAACTNNNAATCATGCGAGTCGTCGCAGCCTCACCTGATC
B03_ELP_UA_018_R1	CATGTAATGCACGTACTTTCAGGGTGTGCGGTTCCGTGCTGGATTGGCTCACCAGACACCTTCCGACAT
B03_ELP_UA_018_R2	ATGTCGGAAGGTGTGCAGGCTACCGCTTGTCAACTNNNTCTTGTGATAGTCGTCGCAGCCTCACCTGATC
C03_ELP_UA_019_R1	CATGTAATGCACGTACTTTCAGGGTTACCGTTGACGTGCTGGATTGGCTCACCAGACACCTTCCGACAT
C03_ELP_UA_019_R2	ATGTCGGAAGGTGTGCAGGCTACCGCTTGTCAACTNNNATTGCGTATAGTCGTCGCAGCCTCACCTGATC
D03_ELP_UA_020_R1	CATGTAATGCACGTACTTTCAGGGTTCTTCGCAACGTGCTGGATTGGCTCACCAGACACCTTCCGACAT
D03_ELP_UA_020_R2	ATGTCGGAAGGTGTGCAGGCTACCGCTTGTCAACTNNNTACATCAGAAGTCGTCGCAGCCTCACCTGATC
E03_ELP_UA_021_R1	CATGTAATGCACGTACTTTCAGGGTGATAGATGTCGTGCTGGATTGGCTCACCAGACACCTTCCGACAT
E03_ELP_UA_021_R2	ATGTCGGAAGGTGTGCAGGCTACCGCTTGTCAACTNNNAAGGTGATTAGTCGTCGCAGCCTCACCTGATC
F03_ELP_UA_022_R1	CATGTAATGCACGTACTTTCAGGGTTTGGCCAACCGTGCTGGATTGGCTCACCAGACACCTTCCGACAT
F03_ELP_UA_022_R2	ATGTCGGAAGGTGTGCAGGCTACCGCTTGTCAACTNNNTTGTTGTTCAGTCGTCGCAGCCTCACCTGATC
G03_ELP_UA_023_R1	CATGTAATGCACGTACTTTCAGGGTCACGCACATCGTGCTGGATTGGCTCACCAGACACCTTCCGACAT
G03_ELP_UA_023_R2	ATGTCGGAAGGTGTGCAGGCTACCGCTTGTCAACTNNNCCAGGAGTCAGTCGTCGCAGCCTCACCTGATC
H03_ELP_UA_024_R1	CATGTAATGCACGTACTTTCAGGGTCTCCGCTATCGTGCTGGATTGGCTCACCAGACACCTTCCGACAT
H03_ELP_UA_024_R2	ATGTCGGAAGGTGTGCAGGCTACCGCTTGTCAACTNNNTCATGCTTGAGTCGTCGCAGCCTCACCTGATC
A04_ELP_UA_025_R1	CATGTAATGCACGTACTTTCAGGGTACAATCAGCCGTGCTGGATTGGCTCACCAGACACCTTCCGACAT
A04_ELP_UA_025_R2	ATGTCGGAAGGTGTGCAGGCTACCGCTTGTCAACTNNNCTACATGAAAGTCGTCGCAGCCTCACCTGATC
B04_ELP_UA_026_R1	CATGTAATGCACGTACTTTCAGGGTTGGAATGCTCGTGCTGGATTGGCTCACCAGACACCTTCCGACAT
B04_ELP_UA_026_R2	ATGTCGGAAGGTGTGCAGGCTACCGCTTGTCAACTNNNGAACAACGAAGTCGTCGCAGCCTCACCTGATC
C04_ELP_UA_027_R1	CATGTAATGCACGTACTTTCAGGGTACAGGTCGCCGTGCTGGATTGGCTCACCAGACACCTTCCGACAT
C04_ELP_UA_027_R2	ATGTCGGAAGGTGTGCAGGCTACCGCTTGTCAACTNNNCTCTGTCCAAGTCGTCGCAGCCTCACCTGATC
D04_ELP_UA_028_R1	CATGTAATGCACGTACTTTCAGGGTGAGAGCAGACGTGCTGGATTGGCTCACCAGACACCTTCCGACAT
D04_ELP_UA_028_R2	ATGTCGGAAGGTGTGCAGGCTACCGCTTGTCAACTNNNTACGTACTCAGTCGTCGCAGCCTCACCTGATC
E04_ELP_UA_029_R1	CATGTAATGCACGTACTTTCAGGGTGTTATGCTGCGTGCTGGATTGGCTCACCAGACACCTTCCGACAT
E04_ELP_UA_029_R2	ATGTCGGAAGGTGTGCAGGCTACCGCTTGTCAACTNNNTCGCATAGTAGTCGTCGCAGCCTCACCTGATC
F04_ELP_UA_030_R1	CATGTAATGCACGTACTTTCAGGGTTAAGTACTGCGTGCTGGATTGGCTCACCAGACACCTTCCGACAT
F04_ELP_UA_030_R2	ATGTCGGAAGGTGTGCAGGCTACCGCTTGTCAACTNNNAAGATAGAGAGTCGTCGCAGCCTCACCTGATC
G04_ELP_UA_031_R1	CATGTAATGCACGTACTTTCAGGGTTGCCAGCATCGTGCTGGATTGGCTCACCAGACACCTTCCGACAT
G04_ELP_UA_031_R2	ATGTCGGAAGGTGTGCAGGCTACCGCTTGTCAACTNNNCGGTCCTAAAGTCGTCGCAGCCTCACCTGATC
H04_ELP_UA_032_R1	CATGTAATGCACGTACTTTCAGGGTACAGTGTAACGTGCTGGATTGGCTCACCAGACACCTTCCGACAT
H04_ELP_UA_032_R2	ATGTCGGAAGGTGTGCAGGCTACCGCTTGTCAACTNNNTCCTCGCAAAGTCGTCGCAGCCTCACCTGATC
A05_ELP_UA_033_R1	CATGTAATGCACGTACTTTCAGGGTTCAACGTCTCGTGCTGGATTGGCTCACCAGACACCTTCCGACAT
A05_ELP_UA_033_R2	ATGTCGGAAGGTGTGCAGGCTACCGCTTGTCAACTNNNCAGTAGGTAAGTCGTCGCAGCCTCACCTGATC
B05_ELP_UA_034_R1	CATGTAATGCACGTACTTTCAGGGTCTGTCATGACGTGCTGGATTGGCTCACCAGACACCTTCCGACAT
B05_ELP_UA_034_R2	ATGTCGGAAGGTGTGCAGGCTACCGCTTGTCAACTNNNCTTATCGCGAGTCGTCGCAGCCTCACCTGATC
C05_ELP_UA_035_R1	CATGTAATGCACGTACTTTCAGGGTTATGTCTCTCGTGCTGGATTGGCTCACCAGACACCTTCCGACAT
C05_ELP_UA_035_R2	ATGTCGGAAGGTGTGCAGGCTACCGCTTGTCAACTNNNGGCAACGCAAGTCGTCGCAGCCTCACCTGATC
D05_ELP_UA_036_R1	CATGTAATGCACGTACTTTCAGGGTATTGATACCCGTGCTGGATTGGCTCACCAGACACCTTCCGACAT
D05_ELP_UA_036_R2	ATGTCGGAAGGTGTGCAGGCTACCGCTTGTCAACTNNNCTCGAAGATAGTCGTCGCAGCCTCACCTGATC
E05_ELP_UA_037_R1	CATGTAATGCACGTACTTTCAGGGTGGTGGTCTACGTGCTGGATTGGCTCACCAGACACCTTCCGACAT
E05_ELP_UA_037_R2	ATGTCGGAAGGTGTGCAGGCTACCGCTTGTCAACTNNNGAGTTCGCTAGTCGTCGCAGCCTCACCTGATC
F05_ELP_UA_038_R1	CATGTAATGCACGTACTTTCAGGGTACTAGCTCACGTGCTGGATTGGCTCACCAGACACCTTCCGACAT
F05_ELP_UA_038_R2	ATGTCGGAAGGTGTGCAGGCTACCGCTTGTCAACTNNNTGGTATGCCAGTCGTCGCAGCCTCACCTGATC
G05_ELP_UA_039_R1	CATGTAATGCACGTACTTTCAGGGTGGATGCAATCGTGCTGGATTGGCTCACCAGACACCTTCCGACAT
G05_ELP_UA_039_R2	ATGTCGGAAGGTGTGCAGGCTACCGCTTGTCAACTNNNGGACAGCTCAGTCGTCGCAGCCTCACCTGATC
H05_ELP_UA_040_R1	CATGTAATGCACGTACTTTCAGGGTTGTGGCAGTCGTGCTGGATTGGCTCACCAGACACCTTCCGACAT
H05_ELP_UA_040_R2	ATGTCGGAAGGTGTGCAGGCTACCGCTTGTCAACTNNNAGGCGTAAGAGTCGTCGCAGCCTCACCTGATC
A06_ELP_UA_041_R1	CATGTAATGCACGTACTTTCAGGGTCTATACCTCCGTGCTGGATTGGCTCACCAGACACCTTCCGACAT
A06_ELP_UA_041_R2	ATGTCGGAAGGTGTGCAGGCTACCGCTTGTCAACTNNNGGTGCTCCTAGTCGTCGCAGCCTCACCTGATC
B06_ELP_UA_042_R1	CATGTAATGCACGTACTTTCAGGGTTCCATCGTTCGTGCTGGATTGGCTCACCAGACACCTTCCGACAT
B06_ELP_UA_042_R2	ATGTCGGAAGGTGTGCAGGCTACCGCTTGTCAACTNNNCCATATTCTAGTCGTCGCAGCCTCACCTGATC
C06_ELP_UA_043_R1	CATGTAATGCACGTACTTTCAGGGTGTGGTTATCCGTGCTGGATTGGCTCACCAGACACCTTCCGACAT
C06_ELP_UA_043_R2	ATGTCGGAAGGTGTGCAGGCTACCGCTTGTCAACTNNNGTGTTAGGAAGTCGTCGCAGCCTCACCTGATC
D06_ELP_UA_044_R1	CATGTAATGCACGTACTTTCAGGGTGACTTAACCCGTGCTGGATTGGCTCACCAGACACCTTCCGACAT
D06_ELP_UA_044_R2	ATGTCGGAAGGTGTGCAGGCTACCGCTTGTCAACTNNNGATCGCGAAAGTCGTCGCAGCCTCACCTGATC
E06_ELP_UA_045_R1	CATGTAATGCACGTACTTTCAGGGTCATTCCAGCCGTGCTGGATTGGCTCACCAGACACCTTCCGACAT
E06_ELP_UA_045_R2	ATGTCGGAAGGTGTGCAGGCTACCGCTTGTCAACTNNNCAAGCAACTAGTCGTCGCAGCCTCACCTGATC
F06_ELP_UA_046_R1	CATGTAATGCACGTACTTTCAGGGTTGGATCACACGTGCTGGATTGGCTCACCAGACACCTTCCGACAT
F06_ELP_UA_046_R2	ATGTCGGAAGGTGTGCAGGCTACCGCTTGTCAACTNNNACCGTTCGTAGTCGTCGCAGCCTCACCTGATC
G06_ELP_UA_047_R1	CATGTAATGCACGTACTTTCAGGGTGGATCTCCGCGTGCTGGATTGGCTCACCAGACACCTTCCGACAT
G06_ELP_UA_047_R2	ATGTCGGAAGGTGTGCAGGCTACCGCTTGTCAACTNNNGGCCTTCAAAGTCGTCGCAGCCTCACCTGATC
H06_ELP_UA_048_R1	CATGTAATGCACGTACTTTCAGGGTTGGCGTGAGCGTGCTGGATTGGCTCACCAGACACCTTCCGACAT
H06_ELP_UA_048_R2	ATGTCGGAAGGTGTGCAGGCTACCGCTTGTCAACTNNNTTCAGGTCTAGTCGTCGCAGCCTCACCTGATC
A07_ELP_UA_049_R1	CATGTAATGCACGTACTTTCAGGGTGTCCACGGACGTGCTGGATTGGCTCACCAGACACCTTCCGACAT
A07_ELP_UA_049_R2	ATGTCGGAAGGTGTGCAGGCTACCGCTTGTCAACTNNNGGTCCGAGAAGTCGTCGCAGCCTCACCTGATC
B07_ELP_UA_050_R1	CATGTAATGCACGTACTTTCAGGGTGTACTTCAACGTGCTGGATTGGCTCACCAGACACCTTCCGACAT
B07_ELP_UA_050_R2	ATGTCGGAAGGTGTGCAGGCTACCGCTTGTCAACTNNNCAAGTGCAGAGTCGTCGCAGCCTCACCTGATC
C07_ELP_UA_051_R1	CATGTAATGCACGTACTTTCAGGGTTCACTCAAGCGTGCTGGATTGGCTCACCAGACACCTTCCGACAT
C07_ELP_UA_051_R2	ATGTCGGAAGGTGTGCAGGCTACCGCTTGTCAACTNNNGACTGATTAAGTCGTCGCAGCCTCACCTGATC
D07_ELP_UA_052_R1	CATGTAATGCACGTACTTTCAGGGTATCCTCATCCGTGCTGGATTGGCTCACCAGACACCTTCCGACAT
D07_ELP_UA_052_R2	ATGTCGGAAGGTGTGCAGGCTACCGCTTGTCAACTNNNAGATCTCTAAGTCGTCGCAGCCTCACCTGATC
E07_ELP_UA_053_R1	CATGTAATGCACGTACTTTCAGGGTGGTTGGATGCGTGCTGGATTGGCTCACCAGACACCTTCCGACAT
E07_ELP_UA_053_R2	ATGTCGGAAGGTGTGCAGGCTACCGCTTGTCAACTNNNGTTCTGTAAAGTCGTCGCAGCCTCACCTGATC
F07_ELP_UA_054_R1	CATGTAATGCACGTACTTTCAGGGTGCCTCATAGCGTGCTGGATTGGCTCACCAGACACCTTCCGACAT
F07_ELP_UA_054_R2	ATGTCGGAAGGTGTGCAGGCTACCGCTTGTCAACTNNNCACCAGTGTAGTCGTCGCAGCCTCACCTGATC
G07_ELP_UA_055_R1	CATGTAATGCACGTACTTTCAGGGTTCCGCACTCCGTGCTGGATTGGCTCACCAGACACCTTCCGACAT
G07_ELP_UA_055_R2	ATGTCGGAAGGTGTGCAGGCTACCGCTTGTCAACTNNNCGACCTTGAAGTCGTCGCAGCCTCACCTGATC
H07_ELP_UA_056_R1	CATGTAATGCACGTACTTTCAGGGTAAGATTGGACGTGCTGGATTGGCTCACCAGACACCTTCCGACAT
H07_ELP_UA_056_R2	ATGTCGGAAGGTGTGCAGGCTACCGCTTGTCAACTNNNATCCGCGTCAGTCGTCGCAGCCTCACCTGATC
A08_ELP_UA_057_R1	CATGTAATGCACGTACTTTCAGGGTGGTCTGAGCCGTGCTGGATTGGCTCACCAGACACCTTCCGACAT
A08_ELP_UA_057_R2	ATGTCGGAAGGTGTGCAGGCTACCGCTTGTCAACTNNNATTGACCTGAGTCGTCGCAGCCTCACCTGATC
B08_ELP_UA_058_R1	CATGTAATGCACGTACTTTCAGGGTCCGCTGCTACGTGCTGGATTGGCTCACCAGACACCTTCCGACAT
B08_ELP_UA_058_R2	ATGTCGGAAGGTGTGCAGGCTACCGCTTGTCAACTNNNAACTAACACAGTCGTCGCAGCCTCACCTGATC
C08_ELP_UA_059_R1	CATGTAATGCACGTACTTTCAGGGTGAGCATCTACGTGCTGGATTGGCTCACCAGACACCTTCCGACAT
C08_ELP_UA_059_R2	ATGTCGGAAGGTGTGCAGGCTACCGCTTGTCAACTNNNGTTACCAACAGTCGTCGCAGCCTCACCTGATC
D08_ELP_UA_060_R1	CATGTAATGCACGTACTTTCAGGGTAACAACAAGCGTGCTGGATTGGCTCACCAGACACCTTCCGACAT
D08_ELP_UA_060_R2	ATGTCGGAAGGTGTGCAGGCTACCGCTTGTCAACTNNNTTATGGAGAAGTCGTCGCAGCCTCACCTGATC
E08_ELP_UA_061_R1	CATGTAATGCACGTACTTTCAGGGTATGCGTCCTCGTGCTGGATTGGCTCACCAGACACCTTCCGACAT
E08_ELP_UA_061_R2	ATGTCGGAAGGTGTGCAGGCTACCGCTTGTCAACTNNNTTACACTCAAGTCGTCGCAGCCTCACCTGATC
F08_ELP_UA_062_R1	CATGTAATGCACGTACTTTCAGGGTCCACACCATCGTGCTGGATTGGCTCACCAGACACCTTCCGACAT
F08_ELP_UA_062_R2	ATGTCGGAAGGTGTGCAGGCTACCGCTTGTCAACTNNNCACTGACGTAGTCGTCGCAGCCTCACCTGATC
G08_ELP_UA_063_R1	CATGTAATGCACGTACTTTCAGGGTACCTATTCTCGTGCTGGATTGGCTCACCAGACACCTTCCGACAT
G08_ELP_UA_063_R2	ATGTCGGAAGGTGTGCAGGCTACCGCTTGTCAACTNNNCACCAACCGAGTCGTCGCAGCCTCACCTGATC
H08_ELP_UA_064_R1	CATGTAATGCACGTACTTTCAGGGTATATTCGGTCGTGCTGGATTGGCTCACCAGACACCTTCCGACAT
H08_ELP_UA_064_R2	ATGTCGGAAGGTGTGCAGGCTACCGCTTGTCAACTNNNGACACTTATAGTCGTCGCAGCCTCACCTGATC
A09_ELP_UA_065_R1	CATGTAATGCACGTACTTTCAGGGTTGAGATGGACGTGCTGGATTGGCTCACCAGACACCTTCCGACAT
A09_ELP_UA_065_R2	ATGTCGGAAGGTGTGCAGGCTACCGCTTGTCAACTNNNTGGAGTATAAGTCGTCGCAGCCTCACCTGATC
B09_ELP_UA_066_R1	CATGTAATGCACGTACTTTCAGGGTACACAATCCCGTGCTGGATTGGCTCACCAGACACCTTCCGACAT
B09_ELP_UA_066_R2	ATGTCGGAAGGTGTGCAGGCTACCGCTTGTCAACTNNNGTACCAGAGAGTCGTCGCAGCCTCACCTGATC
C09_ELP_UA_067_R1	CATGTAATGCACGTACTTTCAGGGTTTCCGAACGCGTGCTGGATTGGCTCACCAGACACCTTCCGACAT
C09_ELP_UA_067_R2	ATGTCGGAAGGTGTGCAGGCTACCGCTTGTCAACTNNNGCTGAATGTAGTCGTCGCAGCCTCACCTGATC
D09_ELP_UA_068_R1	CATGTAATGCACGTACTTTCAGGGTATCACACTACGTGCTGGATTGGCTCACCAGACACCTTCCGACAT
D09_ELP_UA_068_R2	ATGTCGGAAGGTGTGCAGGCTACCGCTTGTCAACTNNNTGTAAGCGGAGTCGTCGCAGCCTCACCTGATC
E09_ELP_UA_069_R1	CATGTAATGCACGTACTTTCAGGGTCCAAGACCGCGTGCTGGATTGGCTCACCAGACACCTTCCGACAT
E09_ELP_UA_069_R2	ATGTCGGAAGGTGTGCAGGCTACCGCTTGTCAACTNNNTGAACGGATAGTCGTCGCAGCCTCACCTGATC
F09_ELP_UA_070_R1	CATGTAATGCACGTACTTTCAGGGTCCTCATGTCCGTGCTGGATTGGCTCACCAGACACCTTCCGACAT
F09_ELP_UA_070_R2	ATGTCGGAAGGTGTGCAGGCTACCGCTTGTCAACTNNNAGAGGAAGGAGTCGTCGCAGCCTCACCTGATC
G09_ELP_UA_071_R1	CATGTAATGCACGTACTTTCAGGGTCCAGAGATGCGTGCTGGATTGGCTCACCAGACACCTTCCGACAT
G09_ELP_UA_071_R2	ATGTCGGAAGGTGTGCAGGCTACCGCTTGTCAACTNNNTTGGCTGGAAGTCGTCGCAGCCTCACCTGATC
H09_ELP_UA_072_R1	CATGTAATGCACGTACTTTCAGGGTCAGGAGTGCCGTGCTGGATTGGCTCACCAGACACCTTCCGACAT
H09_ELP_UA_072_R2	ATGTCGGAAGGTGTGCAGGCTACCGCTTGTCAACTNNNCCAACACGAAGTCGTCGCAGCCTCACCTGATC
A10_ELP_UA_073_R1	CATGTAATGCACGTACTTTCAGGGTACGTAGAGTCGTGCTGGATTGGCTCACCAGACACCTTCCGACAT
A10_ELP_UA_073_R2	ATGTCGGAAGGTGTGCAGGCTACCGCTTGTCAACTNNNCGAATGACAAGTCGTCGCAGCCTCACCTGATC
B10_ELP_UA_074_R1	CATGTAATGCACGTACTTTCAGGGTAACGAAGTCCGTGCTGGATTGGCTCACCAGACACCTTCCGACAT
B10_ELP_UA_074_R2	ATGTCGGAAGGTGTGCAGGCTACCGCTTGTCAACTNNNACGAAGGCTAGTCGTCGCAGCCTCACCTGATC
C10_ELP_UA_075_R1	CATGTAATGCACGTACTTTCAGGGTTGCGGATACCGTGCTGGATTGGCTCACCAGACACCTTCCGACAT
C10_ELP_UA_075_R2	ATGTCGGAAGGTGTGCAGGCTACCGCTTGTCAACTNNNACCACAATTAGTCGTCGCAGCCTCACCTGATC
D10_ELP_UA_076_R1	CATGTAATGCACGTACTTTCAGGGTGTAGGAGCCCGTGCTGGATTGGCTCACCAGACACCTTCCGACAT
D10_ELP_UA_076_R2	ATGTCGGAAGGTGTGCAGGCTACCGCTTGTCAACTNNNCCACTCATTAGTCGTCGCAGCCTCACCTGATC
E10_ELP_UA_077_R1	CATGTAATGCACGTACTTTCAGGGTCCGATATATCGTGCTGGATTGGCTCACCAGACACCTTCCGACAT
E10_ELP_UA_077_R2	ATGTCGGAAGGTGTGCAGGCTACCGCTTGTCAACTNNNCAGCACAAGAGTCGTCGCAGCCTCACCTGATC
F10_ELP_UA_078_R1	CATGTAATGCACGTACTTTCAGGGTAGGAAGCCGCGTGCTGGATTGGCTCACCAGACACCTTCCGACAT
F10_ELP_UA_078_R2	ATGTCGGAAGGTGTGCAGGCTACCGCTTGTCAACTNNNGCTATTATGAGTCGTCGCAGCCTCACCTGATC
G10_ELP_UA_079_R1	CATGTAATGCACGTACTTTCAGGGTCCTGGAGAACGTGCTGGATTGGCTCACCAGACACCTTCCGACAT
G10_ELP_UA_079_R2	ATGTCGGAAGGTGTGCAGGCTACCGCTTGTCAACTNNNTGAGAACAAAGTCGTCGCAGCCTCACCTGATC
H10_ELP_UA_080_R1	CATGTAATGCACGTACTTTCAGGGTCGTGCAACGCGTGCTGGATTGGCTCACCAGACACCTTCCGACAT
H10_ELP_UA_080_R2	ATGTCGGAAGGTGTGCAGGCTACCGCTTGTCAACTNNNCCGGTATCGAGTCGTCGCAGCCTCACCTGATC
A11_ELP_UA_081_R1	CATGTAATGCACGTACTTTCAGGGTCACCGACTCCGTGCTGGATTGGCTCACCAGACACCTTCCGACAT
A11_ELP_UA_081_R2	ATGTCGGAAGGTGTGCAGGCTACCGCTTGTCAACTNNNTCCACCTGTAGTCGTCGCAGCCTCACCTGATC
B11_ELP_UA_082_R1	CATGTAATGCACGTACTTTCAGGGTCAAGGCGTTCGTGCTGGATTGGCTCACCAGACACCTTCCGACAT
B11_ELP_UA_082_R2	ATGTCGGAAGGTGTGCAGGCTACCGCTTGTCAACTNNNCTTCGACACAGTCGTCGCAGCCTCACCTGATC
C11_ELP_UA_083_R1	CATGTAATGCACGTACTTTCAGGGTGCGGCCTTACGTGCTGGATTGGCTCACCAGACACCTTCCGACAT
C11_ELP_UA_083_R2	ATGTCGGAAGGTGTGCAGGCTACCGCTTGTCAACTNNNGTGTCTCACAGTCGTCGCAGCCTCACCTGATC
D11_ELP_UA_084_R1	CATGTAATGCACGTACTTTCAGGGTCCGCGAACACGTGCTGGATTGGCTCACCAGACACCTTCCGACAT
D11_ELP_UA_084_R2	ATGTCGGAAGGTGTGCAGGCTACCGCTTGTCAACTNNNCCAATGTTGAGTCGTCGCAGCCTCACCTGATC
E11_ELP_UA_085_R1	CATGTAATGCACGTACTTTCAGGGTCAACCGCAGCGTGCTGGATTGGCTCACCAGACACCTTCCGACAT
E11_ELP_UA_085_R2	ATGTCGGAAGGTGTGCAGGCTACCGCTTGTCAACTNNNACAGCCGTTAGTCGTCGCAGCCTCACCTGATC
F11_ELP_UA_086_R1	CATGTAATGCACGTACTTTCAGGGTAGGTCCGTGCGTGCTGGATTGGCTCACCAGACACCTTCCGACAT
F11_ELP_UA_086_R2	ATGTCGGAAGGTGTGCAGGCTACCGCTTGTCAACTNNNCGTGATAGCAGTCGTCGCAGCCTCACCTGATC
G11_ELP_UA_087_R1	CATGTAATGCACGTACTTTCAGGGTCGAATCTGGCGTGCTGGATTGGCTCACCAGACACCTTCCGACAT
G11_ELP_UA_087_R2	ATGTCGGAAGGTGTGCAGGCTACCGCTTGTCAACTNNNCGCACTGTGAGTCGTCGCAGCCTCACCTGATC
H11_ELP_UA_088_R1	CATGTAATGCACGTACTTTCAGGGTGCGGATGATCGTGCTGGATTGGCTCACCAGACACCTTCCGACAT
H11_ELP_UA_088_R2	ATGTCGGAAGGTGTGCAGGCTACCGCTTGTCAACTNNNATAACTACCAGTCGTCGCAGCCTCACCTGATC
A12_ELP_UA_089_R1	CATGTAATGCACGTACTTTCAGGGTTAGTGACCACGTGCTGGATTGGCTCACCAGACACCTTCCGACAT
A12_ELP_UA_089_R2	ATGTCGGAAGGTGTGCAGGCTACCGCTTGTCAACTNNNATTCGTTGAAGTCGTCGCAGCCTCACCTGATC
B12_ELP_UA_090_R1	CATGTAATGCACGTACTTTCAGGGTAAGCCGGACCGTGCTGGATTGGCTCACCAGACACCTTCCGACAT
B12_ELP_UA_090_R2	ATGTCGGAAGGTGTGCAGGCTACCGCTTGTCAACTNNNAATACCGGTAGTCGTCGCAGCCTCACCTGATC
C12_ELP_UA_091_R1	CATGTAATGCACGTACTTTCAGGGTACGGCACGACGTGCTGGATTGGCTCACCAGACACCTTCCGACAT
C12_ELP_UA_091_R2	ATGTCGGAAGGTGTGCAGGCTACCGCTTGTCAACTNNNAGCACCTAGAGTCGTCGCAGCCTCACCTGATC
D12_ELP_UA_092_R1	CATGTAATGCACGTACTTTCAGGGTGCTCAATAACGTGCTGGATTGGCTCACCAGACACCTTCCGACAT
D12_ELP_UA_092_R2	ATGTCGGAAGGTGTGCAGGCTACCGCTTGTCAACTNNNCAGTTGACCAGTCGTCGCAGCCTCACCTGATC
E12_ELP_UA_093_R1	CATGTAATGCACGTACTTTCAGGGTGCATAGGCACGTGCTGGATTGGCTCACCAGACACCTTCCGACAT
E12_ELP_UA_093_R2	ATGTCGGAAGGTGTGCAGGCTACCGCTTGTCAACTNNNCAGCGTTCCAGTCGTCGCAGCCTCACCTGATC
F12_ELP_UA_094_R1	CATGTAATGCACGTACTTTCAGGGTCACCAATGGCGTGCTGGATTGGCTCACCAGACACCTTCCGACAT
F12_ELP_UA_094_R2	ATGTCGGAAGGTGTGCAGGCTACCGCTTGTCAACTNNNCGCGAGACTAGTCGTCGCAGCCTCACCTGATC
G12_ELP_UA_095_R1	CATGTAATGCACGTACTTTCAGGGTCGCACCGAACGTGCTGGATTGGCTCACCAGACACCTTCCGACAT
G12_ELP_UA_095_R2	ATGTCGGAAGGTGTGCAGGCTACCGCTTGTCAACTNNNGAAGATGTTAGTCGTCGCAGCCTCACCTGATC
H12_ELP_UA_096_R1	CATGTAATGCACGTACTTTCAGGGTAGCGTTCAGCGTGCTGGATTGGCTCACCAGACACCTTCCGACAT
H12_ELP_UA_096_R2	ATGTCGGAAGGTGTGCAGGCTACCGCTTGTCAACTNNNTCTCTCTGCAGTCGTCGCAGCCTCACCTGATC
small_rna_1	AGATCGGAAGAGCACACGTCTGAACTCCAGTCAC
small_rna_2	GATCGTCGGACTGTAGAACTCTGAACGTGTAGATCTCGGTGGTCGCCGTATCATT
mRNA_1	AGATCGGAAGAGCACACGTCTGAACTCCAGTCA
mRNA_1	AGATCGGAAGAGCGTCGTGTAGGGAAAGAGTGT
